--
-- PostgreSQL database dump
--

\restrict h0OdjdTobMEZeB29bJysXIOYN0Lgfb16c7Kb3bLzx2pcRh2g10ISpkB7eucck04

-- Dumped from database version 18.3
-- Dumped by pg_dump version 18.3

SET statement_timeout = 0;
SET lock_timeout = 0;
SET idle_in_transaction_session_timeout = 0;
SET transaction_timeout = 0;
SET client_encoding = 'UTF8';
SET standard_conforming_strings = on;
SELECT pg_catalog.set_config('search_path', '', false);
SET check_function_bodies = false;
SET xmloption = content;
SET client_min_messages = warning;
SET row_security = off;

SET default_tablespace = '';

SET default_table_access_method = heap;

--
-- Name: companies; Type: TABLE; Schema: public; Owner: techstars_user
--

CREATE TABLE public.companies (
    id bigint NOT NULL,
    name character varying(255) NOT NULL,
    source_url character varying(2048),
    created_at timestamp without time zone NOT NULL,
    updated_at timestamp without time zone NOT NULL
);


ALTER TABLE public.companies OWNER TO techstars_user;

--
-- Name: companies_id_seq; Type: SEQUENCE; Schema: public; Owner: techstars_user
--

ALTER TABLE public.companies ALTER COLUMN id ADD GENERATED BY DEFAULT AS IDENTITY (
    SEQUENCE NAME public.companies_id_seq
    START WITH 1
    INCREMENT BY 1
    NO MINVALUE
    NO MAXVALUE
    CACHE 1
);


--
-- Name: flyway_schema_history; Type: TABLE; Schema: public; Owner: techstars_user
--

CREATE TABLE public.flyway_schema_history (
    installed_rank integer NOT NULL,
    version character varying(50),
    description character varying(200) NOT NULL,
    type character varying(20) NOT NULL,
    script character varying(1000) NOT NULL,
    checksum integer,
    installed_by character varying(100) NOT NULL,
    installed_on timestamp without time zone DEFAULT now() NOT NULL,
    execution_time integer NOT NULL,
    success boolean NOT NULL
);


ALTER TABLE public.flyway_schema_history OWNER TO techstars_user;

--
-- Name: job_tags; Type: TABLE; Schema: public; Owner: techstars_user
--

CREATE TABLE public.job_tags (
    job_id bigint NOT NULL,
    tag_id bigint NOT NULL
);


ALTER TABLE public.job_tags OWNER TO techstars_user;

--
-- Name: jobs; Type: TABLE; Schema: public; Owner: techstars_user
--

CREATE TABLE public.jobs (
    id bigint NOT NULL,
    external_id character varying(255) NOT NULL,
    title character varying(500) NOT NULL,
    location character varying(500),
    description text,
    source_url character varying(2048) NOT NULL,
    remote_type character varying(120),
    seniority character varying(120),
    salary_text character varying(255),
    posted_at_text character varying(255),
    active boolean DEFAULT true NOT NULL,
    company_id bigint NOT NULL,
    first_seen_at timestamp without time zone NOT NULL,
    last_seen_at timestamp without time zone NOT NULL,
    created_at timestamp without time zone NOT NULL,
    updated_at timestamp without time zone NOT NULL
);


ALTER TABLE public.jobs OWNER TO techstars_user;

--
-- Name: jobs_id_seq; Type: SEQUENCE; Schema: public; Owner: techstars_user
--

ALTER TABLE public.jobs ALTER COLUMN id ADD GENERATED BY DEFAULT AS IDENTITY (
    SEQUENCE NAME public.jobs_id_seq
    START WITH 1
    INCREMENT BY 1
    NO MINVALUE
    NO MAXVALUE
    CACHE 1
);


--
-- Name: scrape_runs; Type: TABLE; Schema: public; Owner: techstars_user
--

CREATE TABLE public.scrape_runs (
    id bigint NOT NULL,
    started_at timestamp without time zone NOT NULL,
    finished_at timestamp without time zone,
    status character varying(40) NOT NULL,
    retrieved_count integer DEFAULT 0 NOT NULL,
    created_count integer DEFAULT 0 NOT NULL,
    updated_count integer DEFAULT 0 NOT NULL,
    deactivated_count integer DEFAULT 0 NOT NULL,
    error_message text
);


ALTER TABLE public.scrape_runs OWNER TO techstars_user;

--
-- Name: scrape_runs_id_seq; Type: SEQUENCE; Schema: public; Owner: techstars_user
--

ALTER TABLE public.scrape_runs ALTER COLUMN id ADD GENERATED BY DEFAULT AS IDENTITY (
    SEQUENCE NAME public.scrape_runs_id_seq
    START WITH 1
    INCREMENT BY 1
    NO MINVALUE
    NO MAXVALUE
    CACHE 1
);


--
-- Name: tags; Type: TABLE; Schema: public; Owner: techstars_user
--

CREATE TABLE public.tags (
    id bigint NOT NULL,
    name character varying(120) NOT NULL
);


ALTER TABLE public.tags OWNER TO techstars_user;

--
-- Name: tags_id_seq; Type: SEQUENCE; Schema: public; Owner: techstars_user
--

ALTER TABLE public.tags ALTER COLUMN id ADD GENERATED BY DEFAULT AS IDENTITY (
    SEQUENCE NAME public.tags_id_seq
    START WITH 1
    INCREMENT BY 1
    NO MINVALUE
    NO MAXVALUE
    CACHE 1
);


--
-- Data for Name: companies; Type: TABLE DATA; Schema: public; Owner: techstars_user
--

COPY public.companies (id, name, source_url, created_at, updated_at) FROM stdin;
1	Inspektlabs	https://jobs.techstars.com/companies/inspektlabs#content	2026-04-25 13:11:55.972697	2026-04-25 13:11:55.972697
2	Memgraph	https://jobs.techstars.com/companies/memgraph#content	2026-04-25 13:11:56.091271	2026-04-25 13:11:56.091271
3	Fenyx	https://jobs.techstars.com/companies/fenyx-2-a7a60690-831c-4fef-9a39-157d81df5514#content	2026-04-25 13:11:56.143559	2026-04-25 13:11:56.143559
4	Reppls	https://jobs.techstars.com/companies/reppls#content	2026-04-25 13:11:56.163028	2026-04-25 13:11:56.163028
5	DeepHow	https://jobs.techstars.com/companies/deephow#content	2026-04-25 13:11:56.238558	2026-04-25 13:11:56.238558
6	Mesodyne	https://jobs.techstars.com/companies/mesodyne#content	2026-04-25 13:11:56.296314	2026-04-25 13:11:56.296314
7	OneVillage	https://jobs.techstars.com/companies/onevillage#content	2026-04-25 13:11:56.344054	2026-04-25 13:11:56.344054
8	Nerveli	https://jobs.techstars.com/companies/nerveli-2#content	2026-04-25 13:11:56.437792	2026-04-25 13:11:56.437792
9	We Make Change	https://jobs.techstars.com/companies/we-make-change-2#content	2026-04-25 13:11:56.473188	2026-04-25 13:11:56.473188
10	Illumicell	https://jobs.techstars.com/companies/illumicell-2#content	2026-04-25 13:11:56.605007	2026-04-25 13:11:56.605007
\.


--
-- Data for Name: flyway_schema_history; Type: TABLE DATA; Schema: public; Owner: techstars_user
--

COPY public.flyway_schema_history (installed_rank, version, description, type, script, checksum, installed_by, installed_on, execution_time, success) FROM stdin;
1	1	create job schema	SQL	V1__create_job_schema.sql	-179276738	techstars_user	2026-04-25 16:10:02.872329	22	t
\.


--
-- Data for Name: job_tags; Type: TABLE DATA; Schema: public; Owner: techstars_user
--

COPY public.job_tags (job_id, tag_id) FROM stdin;
1	14
1	13
1	16
1	18
1	6
1	11
1	2
1	1
1	12
1	10
1	3
1	8
1	4
1	17
1	7
1	9
1	5
1	15
2	19
2	23
2	14
2	13
2	21
2	20
2	17
2	7
2	22
2	1
3	22
3	24
4	28
4	14
4	13
4	25
4	7
4	29
4	27
4	2
4	26
5	28
5	14
5	13
5	25
5	7
5	27
5	2
5	26
6	28
6	14
6	13
6	25
6	7
6	27
6	2
6	26
7	34
7	14
7	13
7	39
7	16
7	18
7	6
7	37
7	2
7	40
7	1
7	32
7	23
7	35
7	8
7	41
7	38
7	31
7	7
7	33
7	36
7	30
7	15
7	42
8	44
8	45
8	13
8	18
8	54
8	55
8	48
8	50
8	43
8	46
8	51
8	52
8	49
8	53
8	47
9	56
9	58
9	57
9	59
10	56
10	18
10	58
10	57
10	59
11	56
11	18
11	58
11	57
11	59
12	56
12	18
12	58
12	57
12	59
13	56
13	58
13	57
13	59
14	56
14	18
14	58
14	57
14	59
15	62
15	71
15	61
15	60
15	67
15	57
15	69
15	64
15	68
15	70
15	65
15	66
15	63
16	73
16	16
16	75
16	6
16	28
16	78
16	79
16	80
16	77
16	81
16	82
16	74
16	83
16	72
16	76
17	73
17	16
17	75
17	6
17	28
17	78
17	79
17	80
17	77
17	81
17	82
17	74
17	83
17	72
17	76
18	73
18	16
18	75
18	6
18	28
18	78
18	79
18	80
18	77
18	81
18	82
18	74
18	83
18	72
18	76
19	73
19	16
19	75
19	6
19	28
19	78
19	79
19	80
19	77
19	81
19	82
19	74
19	83
19	72
19	76
20	14
20	13
20	67
20	57
20	6
20	86
20	2
20	87
20	1
20	84
20	85
20	88
20	90
20	58
20	17
20	7
20	65
20	59
20	89
\.


--
-- Data for Name: jobs; Type: TABLE DATA; Schema: public; Owner: techstars_user
--

COPY public.jobs (id, external_id, title, location, description, source_url, remote_type, seniority, salary_text, posted_at_text, active, company_id, first_seen_at, last_seen_at, created_at, updated_at) FROM stdin;
1	76204857-ai-product-manager-customer-experience-growth	AI Product Manager - Customer Experience & Growth	New Delhi, Delhi, India	AI Product Manager - Customer Experience & Growth at Inspektlabs	https://jobs.techstars.com/companies/inspektlabs/jobs/76204857-ai-product-manager-customer-experience-growth#content	\N	Mid-Senior Level	INR 1,700k-3,000k / year + Equity	Today	t	1	2026-04-25 13:11:56.071308	2026-04-25 13:11:56.071308	2026-04-25 13:11:56.071308	2026-04-25 13:11:56.071308
2	senior-software-engineer-database-internals-c++-at-memgraph-4401933113	Senior Software Engineer - Database Internals - C++	United Kingdom	Senior Software Engineer - Database Internals - C++ at Memgraph	https://uk.linkedin.com/jobs/view/senior-software-engineer-database-internals-c%2B%2B-at-memgraph-4401933113?utm_source=Techstars+job+board&utm_medium=getro.com&gh_src=Techstars+job+board	\N	\N	\N	Today	t	2	2026-04-25 13:11:56.138252	2026-04-25 13:11:56.138252	2026-04-25 13:11:56.138252	2026-04-25 13:11:56.138252
3	head-of-finance-automations-at-fenyx-4404793378	Head of Finance & Automations	Berlin, Germany	Head of Finance & Automations at Fenyx	https://de.linkedin.com/jobs/view/head-of-finance-automations-at-fenyx-4404793378?utm_source=Techstars+job+board&utm_medium=getro.com&gh_src=Techstars+job+board	\N	\N	\N	Today	t	3	2026-04-25 13:11:56.158965	2026-04-25 13:11:56.158965	2026-04-25 13:11:56.158965	2026-04-25 13:11:56.158965
4	76204224-senior-android-developer	Senior Android Developer	Argentina	Senior Android Developer at Reppls	https://jobs.techstars.com/companies/reppls/jobs/76204224-senior-android-developer#content	\N	\N	\N	Today	t	4	2026-04-25 13:11:56.185397	2026-04-25 13:11:56.185397	2026-04-25 13:11:56.185397	2026-04-25 13:11:56.185397
5	senior-golang-engineer-at-reppls-techstars-24-4404219458	Senior Golang Engineer	Argentina	Senior Golang Engineer at Reppls	https://ar.linkedin.com/jobs/view/senior-golang-engineer-at-reppls-techstars-24-4404219458?utm_source=Techstars+job+board&utm_medium=getro.com&gh_src=Techstars+job+board	\N	\N	\N	Today	t	4	2026-04-25 13:11:56.211382	2026-04-25 13:11:56.211382	2026-04-25 13:11:56.211382	2026-04-25 13:11:56.211382
6	senior-frontend-engineer-product-focused-high-scale-fintech-at-reppls-techstars-24-4403386011	Senior Frontend Engineer (Product-Focused, High-Scale Fintech)	Ukraine	Senior Frontend Engineer (Product-Focused, High-Scale Fintech) at Reppls	https://ua.linkedin.com/jobs/view/senior-frontend-engineer-product-focused-high-scale-fintech-at-reppls-techstars-24-4403386011?utm_source=Techstars+job+board&utm_medium=getro.com&gh_src=Techstars+job+board	\N	\N	\N	Today	t	4	2026-04-25 13:11:56.235078	2026-04-25 13:11:56.235078	2026-04-25 13:11:56.235078	2026-04-25 13:11:56.235078
7	76204094-ai-engineer	AI Engineer	United States	AI Engineer at DeepHow	https://jobs.techstars.com/companies/deephow/jobs/76204094-ai-engineer#content	\N	Mid-Senior Level	\N	Today	t	5	2026-04-25 13:11:56.292563	2026-04-25 13:11:56.292563	2026-04-25 13:11:56.292563	2026-04-25 13:11:56.292563
8	76199523-embedded-systems-engineer-at-an-energy-startup-bare-metal-rtos	Embedded Systems Engineer at an energy startup -- Bare Metal/RTOS	Indiana, USA	Embedded Systems Engineer at an energy startup -- Bare Metal/RTOS at Mesodyne	https://jobs.techstars.com/companies/mesodyne/jobs/76199523-embedded-systems-engineer-at-an-energy-startup-bare-metal-rtos#content	\N	Mid-Senior Level	\N	Today	t	6	2026-04-25 13:11:56.340365	2026-04-25 13:11:56.340365	2026-04-25 13:11:56.340365	2026-04-25 13:11:56.340365
9	eldercare-navigator-at-onevillage-4406374723	Eldercare Navigator	Washington, DC, USA	Eldercare Navigator at OneVillage	https://www.linkedin.com/jobs/view/eldercare-navigator-at-onevillage-4406374723?utm_source=Techstars+job+board&utm_medium=getro.com&gh_src=Techstars+job+board	\N	\N	\N	Today	t	7	2026-04-25 13:11:56.363816	2026-04-25 13:11:56.363816	2026-04-25 13:11:56.363816	2026-04-25 13:11:56.363816
10	76199474-financial-wellbeing-coach	Financial Wellbeing Coach	Washington, DC, USA	Financial Wellbeing Coach at OneVillage	https://jobs.techstars.com/companies/onevillage/jobs/76199474-financial-wellbeing-coach#content	\N	Mid-Senior Level	USD 133.33-133.33 / hour	Today	t	7	2026-04-25 13:11:56.377366	2026-04-25 13:11:56.377366	2026-04-25 13:11:56.377366	2026-04-25 13:11:56.377366
11	76199472-full-cycle-account-executive-ae	Full Cycle Account Executive (AE)	Washington, DC, USA	Full Cycle Account Executive (AE) at OneVillage	https://jobs.techstars.com/companies/onevillage/jobs/76199472-full-cycle-account-executive-ae#content	\N	Mid-Senior Level	USD 75k-75k / year	Today	t	7	2026-04-25 13:11:56.391463	2026-04-25 13:11:56.391463	2026-04-25 13:11:56.391463	2026-04-25 13:11:56.391463
12	76199473-exercise-coach	Exercise Coach	Washington, DC, USA	Exercise Coach at OneVillage	https://jobs.techstars.com/companies/onevillage/jobs/76199473-exercise-coach#content	\N	Mid-Senior Level	USD 93.33-93.33 / hour	Today	t	7	2026-04-25 13:11:56.404425	2026-04-25 13:11:56.404425	2026-04-25 13:11:56.404425	2026-04-25 13:11:56.404425
13	76199471-nutrition-coach	Nutrition Coach	Washington, DC, USA	Nutrition Coach at OneVillage	https://jobs.techstars.com/companies/onevillage/jobs/76199471-nutrition-coach#content	\N	\N	\N	Today	t	7	2026-04-25 13:11:56.420733	2026-04-25 13:11:56.420733	2026-04-25 13:11:56.420733	2026-04-25 13:11:56.420733
14	76199470-customer-success-manager-b2b-benefits-health-tech	Customer Success Manager - B2B Benefits + Health Tech	Washington, DC, USA	Customer Success Manager - B2B Benefits + Health Tech at OneVillage	https://jobs.techstars.com/companies/onevillage/jobs/76199470-customer-success-manager-b2b-benefits-health-tech#content	\N	Mid-Senior Level	USD 75k-75k / year	Today	t	7	2026-04-25 13:11:56.434846	2026-04-25 13:11:56.434846	2026-04-25 13:11:56.434846	2026-04-25 13:11:56.434846
15	76194385-social-media-marketing-intern	Social Media Marketing Intern	Dallas-Fort Worth Metropolitan Area, TX, USA	Social Media Marketing Intern at Nerveli	https://jobs.techstars.com/companies/nerveli-2/jobs/76194385-social-media-marketing-intern#content	\N	Internship	\N	Today	t	8	2026-04-25 13:11:56.470074	2026-04-25 13:11:56.470074	2026-04-25 13:11:56.470074	2026-04-25 13:11:56.470074
16	social-media-content-creator-at-we-make-change-4406619583	Social Media Content Creator	London, UK	Social Media Content Creator at We Make Change	https://uk.linkedin.com/jobs/view/social-media-content-creator-at-we-make-change-4406619583?utm_source=Techstars+job+board&utm_medium=getro.com&gh_src=Techstars+job+board	\N	\N	\N	Today	t	9	2026-04-25 13:11:56.510225	2026-04-25 13:11:56.510225	2026-04-25 13:11:56.510225	2026-04-25 13:11:56.510225
17	user-experience-designer-at-we-make-change-4406640047	User Experience Designer	London, UK	User Experience Designer at We Make Change	https://uk.linkedin.com/jobs/view/user-experience-designer-at-we-make-change-4406640047?utm_source=Techstars+job+board&utm_medium=getro.com&gh_src=Techstars+job+board	\N	\N	\N	Today	t	9	2026-04-25 13:11:56.539632	2026-04-25 13:11:56.539632	2026-04-25 13:11:56.539632	2026-04-25 13:11:56.539632
18	quality-assurance-specialist-at-we-make-change-4404584046	Quality Assurance Specialist	London, UK	Quality Assurance Specialist at We Make Change	https://uk.linkedin.com/jobs/view/quality-assurance-specialist-at-we-make-change-4404584046?utm_source=Techstars+job+board&utm_medium=getro.com&gh_src=Techstars+job+board	\N	\N	\N	Today	t	9	2026-04-25 13:11:56.570532	2026-04-25 13:11:56.570532	2026-04-25 13:11:56.570532	2026-04-25 13:11:56.570532
19	art-director-at-we-make-change-4406632412	Art Director	Paris, France	Art Director at We Make Change	https://fr.linkedin.com/jobs/view/art-director-at-we-make-change-4406632412?utm_source=Techstars+job+board&utm_medium=getro.com&gh_src=Techstars+job+board	\N	\N	\N	Today	t	9	2026-04-25 13:11:56.602573	2026-04-25 13:11:56.602573	2026-04-25 13:11:56.602573	2026-04-25 13:11:56.602573
20	software-lead-medtech-at-illumicell-ai-4403954706	Software Lead (MedTech)	Toronto, ON, Canada	Software Lead (MedTech) at Illumicell	https://ca.linkedin.com/jobs/view/software-lead-medtech-at-illumicell-ai-4403954706?utm_source=Techstars+job+board&utm_medium=getro.com&gh_src=Techstars+job+board	\N	\N	\N	Today	t	10	2026-04-25 13:11:56.645824	2026-04-25 13:11:56.645824	2026-04-25 13:11:56.645824	2026-04-25 13:11:56.645824
\.


--
-- Data for Name: scrape_runs; Type: TABLE DATA; Schema: public; Owner: techstars_user
--

COPY public.scrape_runs (id, started_at, finished_at, status, retrieved_count, created_count, updated_count, deactivated_count, error_message) FROM stdin;
1	2026-04-25 13:11:55.74185	2026-04-25 13:11:56.665171	COMPLETED	20	20	0	0	\N
\.


--
-- Data for Name: tags; Type: TABLE DATA; Schema: public; Owner: techstars_user
--

COPY public.tags (id, name) FROM stdin;
1	Artificial Intelligence
2	Artificial Intelligence (AI)
3	Asset Management
4	Automation
5	Automation/Workflow Software
6	Business/Productivity Software
7	Data & Analytics
8	Enterprise Software
9	Financial Services
10	Insurance
11	Insurtech
12	Media and Information Services (B2B)
13	Science and Engineering
14	Software
15	Software Development
16	Technology
17	Seed
18	Mid-Senior Level
19	Careers
20	Cloud Data Services
21	Database
22	Internet Services
23	Machine Learning
24	Technology, Information and Internet
25	Administrative Services
26	Human Capital Services
27	Human Resources
28	Social/Platform Software
29	Senior
30	AI
31	Business And Industrial
32	EdTech
33	Educational Software
34	Education and Training Services (B2B)
35	Industrial
36	Intelligent Systems
37	Manufacturing
38	Platform
39	Service Industry
40	Upskilling
41	Video Technology
42	Workforce Development
43	Deeptech
44	Electrical Distribution
45	Electrical Equipment
46	Energy
47	Energy Storage
48	Energy & Utilities
49	Fuel
50	Generators
51	Manufacturing & Industrial
52	Nanotech
53	Nanotechnology
54	Nanotechnology Research
55	UAV
56	Consumer Services
57	Health Care
58	Other Healthcare Services
59	Other Healthcare Technology Systems
60	Application Software
61	Back Pain
62	Cognitive Behavioral Therapy
63	Diagnostic Equipment
64	Fitness
65	Health
66	Hospital
67	Hospital & Health Care
68	Mobile App
69	Pain Management
70	Wellness
71	Internship
72	Civic and Social Organizations
73	Corporate Social Responsibility
74	CSR
75	ESG
76	Impact
77	Innovation
78	Social Enterprise
79	Social Impact
80	Startups
81	Sustainability
82	Volunteer
83	Volunteering
84	Biotech
85	Data Automation
86	Fertility
87	Healthcare
88	Health Diagnostics
89	Medical Device
90	Medical Diagnostics
\.


--
-- Name: companies_id_seq; Type: SEQUENCE SET; Schema: public; Owner: techstars_user
--

SELECT pg_catalog.setval('public.companies_id_seq', 10, true);


--
-- Name: jobs_id_seq; Type: SEQUENCE SET; Schema: public; Owner: techstars_user
--

SELECT pg_catalog.setval('public.jobs_id_seq', 20, true);


--
-- Name: scrape_runs_id_seq; Type: SEQUENCE SET; Schema: public; Owner: techstars_user
--

SELECT pg_catalog.setval('public.scrape_runs_id_seq', 1, true);


--
-- Name: tags_id_seq; Type: SEQUENCE SET; Schema: public; Owner: techstars_user
--

SELECT pg_catalog.setval('public.tags_id_seq', 90, true);


--
-- Name: companies companies_pkey; Type: CONSTRAINT; Schema: public; Owner: techstars_user
--

ALTER TABLE ONLY public.companies
    ADD CONSTRAINT companies_pkey PRIMARY KEY (id);


--
-- Name: flyway_schema_history flyway_schema_history_pk; Type: CONSTRAINT; Schema: public; Owner: techstars_user
--

ALTER TABLE ONLY public.flyway_schema_history
    ADD CONSTRAINT flyway_schema_history_pk PRIMARY KEY (installed_rank);


--
-- Name: job_tags job_tags_pkey; Type: CONSTRAINT; Schema: public; Owner: techstars_user
--

ALTER TABLE ONLY public.job_tags
    ADD CONSTRAINT job_tags_pkey PRIMARY KEY (job_id, tag_id);


--
-- Name: jobs jobs_pkey; Type: CONSTRAINT; Schema: public; Owner: techstars_user
--

ALTER TABLE ONLY public.jobs
    ADD CONSTRAINT jobs_pkey PRIMARY KEY (id);


--
-- Name: scrape_runs scrape_runs_pkey; Type: CONSTRAINT; Schema: public; Owner: techstars_user
--

ALTER TABLE ONLY public.scrape_runs
    ADD CONSTRAINT scrape_runs_pkey PRIMARY KEY (id);


--
-- Name: tags tags_pkey; Type: CONSTRAINT; Schema: public; Owner: techstars_user
--

ALTER TABLE ONLY public.tags
    ADD CONSTRAINT tags_pkey PRIMARY KEY (id);


--
-- Name: companies uk_companies_name; Type: CONSTRAINT; Schema: public; Owner: techstars_user
--

ALTER TABLE ONLY public.companies
    ADD CONSTRAINT uk_companies_name UNIQUE (name);


--
-- Name: jobs uk_jobs_external_id; Type: CONSTRAINT; Schema: public; Owner: techstars_user
--

ALTER TABLE ONLY public.jobs
    ADD CONSTRAINT uk_jobs_external_id UNIQUE (external_id);


--
-- Name: jobs uk_jobs_source_url; Type: CONSTRAINT; Schema: public; Owner: techstars_user
--

ALTER TABLE ONLY public.jobs
    ADD CONSTRAINT uk_jobs_source_url UNIQUE (source_url);


--
-- Name: tags uk_tags_name; Type: CONSTRAINT; Schema: public; Owner: techstars_user
--

ALTER TABLE ONLY public.tags
    ADD CONSTRAINT uk_tags_name UNIQUE (name);


--
-- Name: flyway_schema_history_s_idx; Type: INDEX; Schema: public; Owner: techstars_user
--

CREATE INDEX flyway_schema_history_s_idx ON public.flyway_schema_history USING btree (success);


--
-- Name: idx_jobs_active; Type: INDEX; Schema: public; Owner: techstars_user
--

CREATE INDEX idx_jobs_active ON public.jobs USING btree (active);


--
-- Name: idx_jobs_company_id; Type: INDEX; Schema: public; Owner: techstars_user
--

CREATE INDEX idx_jobs_company_id ON public.jobs USING btree (company_id);


--
-- Name: idx_jobs_location; Type: INDEX; Schema: public; Owner: techstars_user
--

CREATE INDEX idx_jobs_location ON public.jobs USING btree (location);


--
-- Name: idx_jobs_title; Type: INDEX; Schema: public; Owner: techstars_user
--

CREATE INDEX idx_jobs_title ON public.jobs USING btree (title);


--
-- Name: idx_scrape_runs_started_at; Type: INDEX; Schema: public; Owner: techstars_user
--

CREATE INDEX idx_scrape_runs_started_at ON public.scrape_runs USING btree (started_at);


--
-- Name: job_tags fk_job_tags_job; Type: FK CONSTRAINT; Schema: public; Owner: techstars_user
--

ALTER TABLE ONLY public.job_tags
    ADD CONSTRAINT fk_job_tags_job FOREIGN KEY (job_id) REFERENCES public.jobs(id) ON DELETE CASCADE;


--
-- Name: job_tags fk_job_tags_tag; Type: FK CONSTRAINT; Schema: public; Owner: techstars_user
--

ALTER TABLE ONLY public.job_tags
    ADD CONSTRAINT fk_job_tags_tag FOREIGN KEY (tag_id) REFERENCES public.tags(id) ON DELETE CASCADE;


--
-- Name: jobs fk_jobs_company; Type: FK CONSTRAINT; Schema: public; Owner: techstars_user
--

ALTER TABLE ONLY public.jobs
    ADD CONSTRAINT fk_jobs_company FOREIGN KEY (company_id) REFERENCES public.companies(id);


--
-- PostgreSQL database dump complete
--

\unrestrict h0OdjdTobMEZeB29bJysXIOYN0Lgfb16c7Kb3bLzx2pcRh2g10ISpkB7eucck04

